word1,count,Prob
a,16,0.001696713
aa,1,0.000106045
aaron,1,0.000106045
abbi,1,0.000106045
abc,1,0.000106045
abe,1,0.000106045
aber,1,0.000106045
abil,1,0.000106045
abl,10,0.001060445
absolut,3,0.000318134
absurd,1,0.000106045
abund,1,0.000106045
abus,1,0.000106045
academi,2,0.000212089
acaus,1,0.000106045
acceler,1,0.000106045
accept,3,0.000318134
access,4,0.000318134
accid,2,0.000212089
accompani,1,0.000106045
accord,4,0.000424178
account,4,0.000424178
accus,1,0.000106045
achiev,1,0.000106045
achill,1,0.000106045
acknowledg,1,0.000106045
acr,1,0.000106045
across,1,0.000106045
act,3,0.000318134
actin,1,0.000106045
action,2,0.000212089
activ,4,0.000424178
actorfest,1,0.000106045
actress,2,0.000212089
actual,9,0.000954401
acus,1,0.000106045
ad,5,0.000530223
adam,2,0.000212089
adapt,1,0.000106045
add,5,0.000530223
addict,1,0.000106045
addit,3,0.000318134
address,2,0.000212089
adimss,1,0.000106045
adjac,1,0.000106045
administ,1,0.000106045
administr,1,0.000106045
admir,1,0.000106045
admit,2,0.000212089
adopt,1,0.000106045
ador,1,0.000106045
adrianna,1,0.000106045
adult,5,0.000424178
advanc,1,0.000106045
adventur,1,0.000106045
adversari,1,0.000106045
advic,1,0.000106045
affair,1,0.000106045
affarano,1,0.000106045
affili,1,0.000106045
affluent,1,0.000106045
afford,3,0.000318134
afrolatino,1,0.000106045
afternoon,2,0.000212089
age,6,0.000636267
agenc,4,0.000424178
agent,2,0.000106045
aggre,1,0.000106045
aggress,1,0.000106045
aggressor,1,0.000106045
ago,4,0.000318134
agua,1,0.000106045
ah,1,0.000106045
ahead,1,0.000106045
aid,1,0.000106045
aight,1,0.000106045
aim,2,0.000212089
ain,6,0.000318134
ainment,3,0.000106045
ainti,1,0.000106045
air,2,0.000212089
airplan,1,0.000106045
airpo,2,0.000212089
aka,1,0.000106045
al,3,0.000318134
ala,2,0.000212089
alaimo,1,0.000106045
alaska,1,0.000106045
alb,1,0.000106045
album,4,0.000424178
alchemi,1,0.000106045
alcotest,1,0.000106045
alex,1,0.000106045
alfalfa,1,0.000106045
ali,1,0.000106045
alien,1,0.000106045
aliv,2,0.000212089
allerg,1,0.000106045
allow,6,0.000636267
almost,4,0.000424178
along,4,0.000424178
alot,1,0.000106045
alp,1,0.000106045
alreadi,12,0.001272534
alright,1,0.000106045
also,22,0.002226935
altern,1,0.000106045
although,4,0.000424178
altogeth,1,0.000106045
alva,1,0.000106045
alvin,1,0.000106045
alway,17,0.001802757
alyssa,1,0.000106045
amaz,5,0.000530223
amazon,1,0.000106045
amboy,1,0.000106045
amen,1,0.000106045
america,4,0.000424178
american,3,0.000318134
ami,1,0.000106045
amid,1,0.000106045
among,3,0.000318134
amount,6,0.000530223
amptoptrend,1,0.000106045
analog,1,0.000106045
anchovi,2,0.000212089
anderson,2,0.000212089
andi,1,0.000106045
andr,1,0.000106045
andrad,1,0.000106045
anesthesiologist,1,0.000106045
angel,2,0.000212089
angri,2,0.000212089
anib,1,0.000106045
ankl,1,0.000106045
ann,1,0.000106045
anniversari,1,0.000106045
announc,1,0.000106045
annual,1,0.000106045
anoth,12,0.00116649
answer,4,0.000424178
ant,6,0.000106045
anti,1,0.000106045
anticip,1,0.000106045
antonio,2,0.000212089
anybodi,1,0.000106045
anymor,1,0.000106045
anyon,7,0.000742312
anyth,10,0.001060445
anytim,2,0.000212089
anyway,6,0.000636267
anywher,1,0.000106045
ap,1,0.000106045
apa,3,0.000318134
apolog,1,0.000106045
app,2,0.000212089
appar,3,0.000318134
appeal,2,0.000212089
appear,8,0.000848356
applaud,3,0.000318134
appli,1,0.000106045
applic,2,0.000212089
appoint,2,0.000212089
appreci,2,0.000212089
approach,1,0.000106045
appropri,3,0.000318134
approv,2,0.000212089
approxim,1,0.000106045
arch,1,0.000106045
architectur,1,0.000106045
archiv,1,0.000106045
area,6,0.000636267
aren,4,0.000424178
arena,2,0.000212089
argu,1,0.000106045
argument,2,0.000212089
aria,1,0.000106045
arm,5,0.000530223
armchair,1,0.000106045
around,13,0.001378579
arpèg,1,0.000106045
arrieta,1,0.000106045
arrow,1,0.000106045
arsenic,1,0.000106045
asap,2,0.000212089
aseltin,1,0.000106045
asfaw,1,0.000106045
ashland,1,0.000106045
ashton,1,0.000106045
asian,1,0.000106045
ask,8,0.000848356
ass,6,0.000636267
assault,1,0.000106045
assess,1,0.000106045
asset,2,0.000106045
assign,1,0.000106045
assist,4,0.000424178
associ,1,0.000106045
astonia,1,0.000106045
astroturf,1,0.000106045
atari,1,0.000106045
athlet,1,0.000106045
ation,2,0.000212089
attack,2,0.000212089
attempt,3,0.000318134
attend,4,0.000424178
attent,3,0.000212089
attorney,3,0.000318134
attract,2,0.000212089
atx,1,0.000106045
auction,3,0.000318134
audienc,1,0.000106045
audiovisu,1,0.000106045
aug,1,0.000106045
august,1,0.000106045
auster,1,0.000106045
austinhormonedoctor,1,0.000106045
auteur,1,0.000106045
author,1,0.000106045
autogroup,1,0.000106045
autom,1,0.000106045
automot,1,0.000106045
auton,1,0.000106045
autumn,1,0.000106045
avail,2,0.000212089
avatar,1,0.000106045
ave,1,0.000106045
avenu,3,0.000318134
averag,1,0.000106045
avicii,1,0.000106045
avocado,1,0.000106045
avoid,2,0.000212089
awak,1,0.000106045
awaken,1,0.000106045
awar,3,0.000212089
award,1,0.000106045
away,12,0.00116649
awesom,3,0.000318134
awhil,1,0.000106045
awwh,1,0.000106045
axi,1,0.000106045
aye,1,0.000106045
azeez,1,0.000106045
azur,1,0.000106045
babe,1,0.000106045
babi,4,0.000424178
babysit,1,0.000106045
baccala,1,0.000106045
bachelor,1,0.000106045
back,21,0.002120891
background,1,0.000106045
backup,1,0.000106045
backward,1,0.000106045
backyard,1,0.000106045
bad,15,0.001484624
badass,1,0.000106045
badger,1,0.000106045
bag,1,0.000106045
bah,1,0.000106045
bail,2,0.000212089
bailey,1,0.000106045
balanc,3,0.000318134
ball,4,0.000424178
ballet,1,0.000106045
ban,2,0.000212089
band,7,0.000636267
bane,1,0.000106045
bank,5,0.000530223
banker,1,0.000106045
bar,3,0.000318134
barbar,1,0.000106045
barbera,3,0.000318134
barbra,1,0.000106045
baron,1,0.000106045
barrett,1,0.000106045
barrier,1,0.000106045
base,6,0.000636267
basebal,2,0.000212089
bash,1,0.000106045
basi,2,0.000212089
basic,1,0.000106045
basketbal,4,0.000424178
bass,2,0.000212089
bat,5,0.000530223
batter,2,0.000212089
battl,1,0.000106045
bay,1,0.000106045
bayer,1,0.000106045
baylor,2,0.000212089
baysid,1,0.000106045
bc,1,0.000106045
beach,3,0.000318134
bean,1,0.000106045
bear,1,0.000106045
beat,6,0.000636267
beauti,7,0.000742312
becam,1,0.000106045
beckon,1,0.000106045
becom,6,0.000636267
bed,5,0.000530223
bedminst,1,0.000106045
bedroom,1,0.000106045
beef,1,0.000106045
beeh,1,0.000106045
beer,1,0.000106045
beg,2,0.000212089
began,4,0.000424178
begin,5,0.000530223
begun,1,0.000106045
behav,1,0.000106045
behaviour,1,0.000106045
behind,7,0.000742312
belief,1,0.000106045
believ,12,0.00116649
bellevu,1,0.000106045
belong,1,0.000106045
belov,1,0.000106045
ben,1,0.000106045
benefit,5,0.000530223
benjamin,1,0.000106045
benni,1,0.000106045
bent,2,0.000212089
benyon,1,0.000106045
berat,1,0.000106045
bergen,1,0.000106045
berri,1,0.000106045
best,9,0.000954401
bestfriend,1,0.000106045
bestman,2,0.000212089
better,8,0.000848356
beyonc,1,0.000106045
beyond,4,0.000424178
bff,1,0.000106045
bi,6,0.000636267
bias,1,0.000106045
big,4,0.000424178
bigger,1,0.000106045
biggest,4,0.000318134
bike,2,0.000212089
bill,8,0.000742312
bin,2,0.000106045
biomed,1,0.000106045
bird,3,0.000318134
bit,11,0.000954401
bitch,1,0.000106045
bitter,1,0.000106045
bl,1,0.000106045
black,10,0.000954401
blackberri,1,0.000106045
blake,1,0.000106045
blakeman,1,0.000106045
blame,1,0.000106045
blatant,1,0.000106045
bleed,1,0.000106045
block,4,0.000424178
blog,3,0.000318134
blogrol,1,0.000106045
bloodi,1,0.000106045
bloom,1,0.000106045
blossom,1,0.000106045
blow,1,0.000106045
blue,3,0.000318134
board,3,0.000318134
boast,1,0.000106045
bob,2,0.000212089
bodi,4,0.000424178
bodysnatch,1,0.000106045
boeger,1,0.000106045
boggl,1,0.000106045
bold,1,0.000106045
bollywood,1,0.000106045
bolt,1,0.000106045
bomb,5,0.000530223
bomber,1,0.000106045
bond,2,0.000212089
bondi,1,0.000106045
bone,1,0.000106045
bonus,1,0.000106045
boo,1,0.000106045
book,8,0.000848356
boon,1,0.000106045
boost,3,0.000318134
booth,1,0.000106045
booz,1,0.000106045
bore,1,0.000106045
born,4,0.000424178
boss,1,0.000106045
boston,2,0.000212089
bottl,1,0.000106045
bound,2,0.000212089
bouquet,1,0.000106045
bout,1,0.000106045
bowi,1,0.000106045
bowl,2,0.000212089
bowlingdo,1,0.000106045
boy,5,0.000424178
bpg,1,0.000106045
brainstorm,1,0.000106045
brais,1,0.000106045
branch,1,0.000106045
brand,1,0.000106045
brandon,1,0.000106045
brass,1,0.000106045
brave,1,0.000106045
breach,2,0.000212089
break,5,0.000530223
breakfast,2,0.000212089
breath,4,0.000424178
breez,1,0.000106045
brianana,1,0.000106045
bribe,1,0.000106045
brick,1,0.000106045
bride,3,0.000318134
bridg,1,0.000106045
brighten,2,0.000212089
brilliant,2,0.000212089
brimston,1,0.000106045
bring,7,0.000742312
bro,2,0.000212089
broad,2,0.000212089
broadband,1,0.000106045
broadcast,2,0.000212089
broccoli,1,0.000106045
broke,1,0.000106045
brooklyn,1,0.000106045
brotha,1,0.000106045
brother,4,0.000424178
brought,2,0.000212089
brown,6,0.000636267
bruce,1,0.000106045
brunch,1,0.000106045
brunswick,1,0.000106045
brush,1,0.000106045
brusqu,1,0.000106045
brussel,1,0.000106045
brutal,1,0.000106045
bryan,1,0.000106045
bs,1,0.000106045
bskyb,2,0.000212089
bud,1,0.000106045
buddha,1,0.000106045
budget,2,0.000212089
buena,1,0.000106045
buffalo,1,0.000106045
build,9,0.000954401
bum,1,0.000106045
bumbl,1,0.000106045
bumper,2,0.000212089
bumpin,1,0.000106045
bundesbank,1,0.000106045
bunni,1,0.000106045
burden,1,0.000106045
bureau,1,0.000106045
burn,1,0.000106045
bus,1,0.000106045
busi,14,0.001378579
butler,1,0.000106045
butt,1,0.000106045
button,2,0.000212089
buy,5,0.000530223
buyer,2,0.000212089
bweni,1,0.000106045
bypass,1,0.000106045
børs,1,0.000106045
cabbag,1,0.000106045
cabinet,1,0.000106045
cabl,1,0.000106045
cach,6,0.000636267
cadi,1,0.000106045
cagley,2,0.000212089
cake,6,0.000636267
calibr,1,0.000106045
california,3,0.000318134
call,13,0.001378579
calligraphi,1,0.000106045
calv,1,0.000106045
came,6,0.000636267
camp,2,0.000212089
campaign,3,0.000318134
can,56,0.005726405
canada,1,0.000106045
canadian,1,0.000106045
canal,1,0.000106045
cancel,3,0.000318134
cancer,1,0.000106045
candid,3,0.000318134
candl,1,0.000106045
cant,1,0.000106045
cantab,1,0.000106045
capac,1,0.000106045
capit,1,0.000106045
captain,1,0.000106045
car,9,0.000848356
carbon,1,0.000106045
card,7,0.000636267
cardiac,1,0.000106045
cardin,3,0.000318134
cardstock,1,0.000106045
care,10,0.000742312
career,3,0.000318134
carey,1,0.000106045
caribbean,1,0.000106045
carolina,1,0.000106045
carpet,2,0.000212089
carreta,1,0.000106045
carri,1,0.000106045
carrot,1,0.000106045
case,4,0.000424178
cash,2,0.000212089
cassotto,1,0.000106045
cast,1,0.000106045
castleton,1,0.000106045
cat,1,0.000106045
catch,2,0.000212089
caught,2,0.000212089
cauliflow,1,0.000106045
caus,5,0.000530223
cc,2,0.000212089
cd,1,0.000106045
cds,1,0.000106045
ce,7,0.000742312
cedar,1,0.000106045
celebr,3,0.000318134
cell,2,0.000212089
cement,1,0.000106045
center,6,0.000530223
centerpiec,1,0.000106045
central,3,0.000318134
centuri,1,0.000106045
ceo,1,0.000106045
cf,1,0.000106045
ch,1,0.000106045
chaaaa,1,0.000106045
chad,1,0.000106045
chair,4,0.000424178
challeng,3,0.000318134
champ,1,0.000106045
chanc,2,0.000212089
chandler,5,0.000530223
chang,15,0.001590668
channel,1,0.000106045
chansi,1,0.000106045
chapman,1,0.000106045
chapter,1,0.000106045
charact,3,0.000318134
charg,5,0.000530223
charl,2,0.000212089
chase,2,0.000212089
cheap,1,0.000106045
cheat,1,0.000106045
check,14,0.001378579
chees,1,0.000106045
cherish,1,0.000106045
cherri,2,0.000212089
chest,2,0.000212089
chicago,2,0.000212089
chick,3,0.000318134
chicken,1,0.000106045
chickiewhawha,1,0.000106045
chief,2,0.000212089
child,1,0.000106045
childhood,1,0.000106045
children,5,0.000530223
chile,1,0.000106045
chilean,1,0.000106045
chill,3,0.000318134
chiller,1,0.000106045
chillin,1,0.000106045
chimpanze,1,0.000106045
chip,1,0.000106045
chlamydia,1,0.000106045
chloe,1,0.000106045
chocol,3,0.000318134
choic,2,0.000212089
choos,3,0.000318134
chorus,1,0.000106045
chose,2,0.000212089
chosen,1,0.000106045
chris,2,0.000212089
christ,1,0.000106045
christensen,1,0.000106045
christian,2,0.000212089
chrome,1,0.000106045
chronolog,1,0.000106045
chula,1,0.000106045
chunk,2,0.000212089
chupacabra,1,0.000106045
church,5,0.000530223
cia,1,0.000106045
cilantro,1,0.000106045
cinco,1,0.000106045
circl,2,0.000212089
circumst,2,0.000212089
citat,1,0.000106045
citi,11,0.00116649
citizen,3,0.000318134
civil,2,0.000212089
civilian,1,0.000106045
cj,1,0.000106045
claim,4,0.000424178
clam,2,0.000212089
clap,1,0.000106045
clarifi,1,0.000106045
clarinet,1,0.000106045
clark,1,0.000106045
class,5,0.000530223
classic,1,0.000106045
clean,6,0.000636267
clear,2,0.000212089
cleveland,2,0.000212089
click,1,0.000106045
client,3,0.000318134
clifbar,1,0.000106045
cliff,1,0.000106045
clifton,1,0.000106045
clinton,1,0.000106045
clip,1,0.000106045
clm,1,0.000106045
close,8,0.000848356
closer,2,0.000212089
closest,1,0.000106045
cloth,3,0.000318134
club,2,0.000212089
clue,1,0.000106045
clusterfuck,1,0.000106045
clutch,1,0.000106045
co,1,0.000106045
coach,6,0.000636267
coast,2,0.000212089
coat,1,0.000106045
cobbler,1,0.000106045
cockroach,1,0.000106045
cod,1,0.000106045
code,2,0.000212089
coffe,3,0.000318134
coffeeshop,1,0.000106045
coinsur,1,0.000106045
cold,1,0.000106045
cole,2,0.000212089
coleridg,1,0.000106045
colleagu,1,0.000106045
collector,1,0.000106045
colleg,3,0.000318134
collegi,1,0.000106045
collis,1,0.000106045
coloni,1,0.000106045
color,3,0.000318134
colorado,2,0.000212089
colour,1,0.000106045
colton,1,0.000106045
com,4,0.000424178
comad,1,0.000106045
combin,1,0.000106045
come,25,0.002651113
comedian,1,0.000106045
comlpiment,1,0.000106045
commemor,1,0.000106045
comment,3,0.000318134
commerci,3,0.000318134
commission,2,0.000212089
commit,1,0.000106045
committe,1,0.000106045
common,2,0.000212089
communiti,2,0.000212089
commut,1,0.000106045
compani,8,0.000848356
compar,2,0.000212089
compass,1,0.000106045
competit,2,0.000212089
compil,1,0.000106045
complain,2,0.000212089
complet,8,0.000848356
compliment,1,0.000106045
compon,1,0.000106045
compound,2,0.000212089
compromis,1,0.000106045
comput,2,0.000212089
con,1,0.000106045
conaway,1,0.000106045
conc,2,0.000212089
concentr,2,0.000212089
concept,1,0.000106045
concern,4,0.000424178
conclud,1,0.000106045
condemn,1,0.000106045
condit,3,0.000318134
conduct,1,0.000106045
cone,1,0.000106045
confer,5,0.000530223
confid,1,0.000106045
conflict,1,0.000106045
confront,2,0.000212089
confus,2,0.000212089
congrat,2,0.000212089
congratul,2,0.000212089
connect,3,0.000318134
connick,1,0.000106045
consecut,1,0.000106045
consequ,1,0.000106045
conserv,1,0.000106045
consid,3,0.000318134
consider,1,0.000106045
consign,1,0.000106045
consist,1,0.000106045
constant,1,0.000106045
constitu,1,0.000106045
construct,3,0.000318134
consum,1,0.000106045
contact,3,0.000318134
contend,1,0.000106045
contest,2,0.000212089
context,1,0.000106045
continu,6,0.000636267
contract,2,0.000212089
contractor,1,0.000106045
contribut,4,0.000424178
control,3,0.000318134
conveni,1,0.000106045
convers,2,0.000212089
convict,2,0.000212089
cook,1,0.000106045
cooki,4,0.000424178
cool,4,0.000424178
cooper,1,0.000106045
coordin,1,0.000106045
cop,1,0.000106045
copley,1,0.000106045
copyeditor,1,0.000106045
cord,1,0.000106045
core,2,0.000212089
corn,1,0.000106045
corner,3,0.000212089
cornet,1,0.000106045
cornetist,1,0.000106045
cornwal,1,0.000106045
correct,5,0.000530223
corridor,1,0.000106045
corrupt,1,0.000106045
cosmos,1,0.000106045
cost,9,0.000954401
costum,1,0.000106045
cou,4,0.000318134
couch,2,0.000212089
couldn,1,0.000106045
council,5,0.000530223
councilman,2,0.000212089
count,4,0.000424178
counter,1,0.000106045
counti,5,0.000530223
countri,8,0.000848356
coupl,5,0.000530223
cours,3,0.000318134
cousin,1,0.000106045
cover,2,0.000212089
coverag,1,0.000106045
covey,1,0.000106045
cowboy,1,0.000106045
cox,2,0.000212089
cps,1,0.000106045
crab,2,0.000212089
craccc,1,0.000106045
crack,4,0.000424178
craft,2,0.000212089
craig,1,0.000106045
cram,1,0.000106045
crash,2,0.000212089
crazi,4,0.000424178
cream,3,0.000318134
creat,8,0.000848356
creation,2,0.000212089
creativ,4,0.000424178
credit,1,0.000106045
crew,2,0.000212089
cri,2,0.000212089
crime,1,0.000106045
crimin,3,0.000318134
crippl,1,0.000106045
crisi,3,0.000318134
critic,2,0.000212089
crook,1,0.000106045
cross,4,0.000424178
crown,1,0.000106045
cruis,2,0.000212089
crush,2,0.000212089
crystal,1,0.000106045
cub,2,0.000212089
cube,2,0.000212089
cufon,2,0.000212089
culpabl,1,0.000106045
cultur,1,0.000106045
cumbersom,1,0.000106045
cup,1,0.000106045
cupid,1,0.000106045
curat,1,0.000106045
curl,1,0.000106045
current,2,0.000212089
cushion,1,0.000106045
custom,4,0.000424178
cut,11,0.00116649
cute,2,0.000212089
cypress,1,0.000106045
côte,1,0.000106045
dad,2,0.000212089
daddi,1,0.000106045
daili,1,0.000106045
dalla,1,0.000106045
dammnnnnn,1,0.000106045
damn,1,0.000106045
dan,2,0.000212089
danc,4,0.000424178
darin,1,0.000106045
dark,1,0.000106045
data,3,0.000318134
daughter,3,0.000318134
davi,2,0.000212089
david,2,0.000212089
day,43,0.003287381
dd,1,0.000106045
de,3,0.000318134
dead,6,0.000636267
deal,6,0.000636267
dear,2,0.000212089
death,6,0.000636267
debri,1,0.000106045
debt,2,0.000212089
dec,1,0.000106045
decad,1,0.000106045
decemb,1,0.000106045
decid,7,0.000742312
decis,2,0.000212089
deck,1,0.000106045
decker,1,0.000106045
declin,1,0.000106045
decor,1,0.000106045
decreas,1,0.000106045
decripit,1,0.000106045
dedic,1,0.000106045
deduct,1,0.000106045
deep,2,0.000212089
def,3,0.000318134
defens,6,0.000636267
definit,3,0.000318134
degre,2,0.000212089
delet,1,0.000106045
deliber,1,0.000106045
delici,1,0.000106045
deliv,1,0.000106045
deliveri,1,0.000106045
della,2,0.000212089
delv,1,0.000106045
demand,2,0.000212089
democrat,2,0.000212089
demor,1,0.000106045
deni,1,0.000106045
denson,1,0.000106045
depa,2,0.000212089
depend,3,0.000318134
depict,1,0.000106045
deplor,1,0.000106045
depth,1,0.000106045
deregul,1,0.000106045
derek,2,0.000212089
descent,1,0.000106045
deserv,2,0.000212089
design,6,0.000636267
desk,1,0.000106045
despit,1,0.000106045
detect,2,0.000212089
deton,1,0.000106045
detox,1,0.000106045
detroit,1,0.000106045
dev,2,0.000212089
develop,7,0.000742312
devic,1,0.000106045
devot,1,0.000106045
dewin,2,0.000212089
di,1,0.000106045
diagram,1,0.000106045
dialogu,2,0.000212089
didn,9,0.000954401
didnt,1,0.000106045
die,11,0.00116649
diego,1,0.000106045
diet,1,0.000106045
differ,9,0.000848356
difficult,4,0.000424178
difficulti,2,0.000212089
digg,3,0.000318134
digiday,1,0.000106045
digit,3,0.000318134
digniti,1,0.000106045
digress,1,0.000106045
dime,1,0.000106045
dimens,1,0.000106045
dimitri,1,0.000106045
dimora,1,0.000106045
dine,3,0.000318134
dingamo,1,0.000106045
dinner,3,0.000318134
dip,1,0.000106045
direct,4,0.000424178
director,3,0.000318134
disabl,1,0.000106045
disapprov,1,0.000106045
disarm,1,0.000106045
disast,2,0.000212089
disco,1,0.000106045
discount,1,0.000106045
discov,1,0.000106045
discreet,1,0.000106045
discuss,3,0.000318134
diseas,1,0.000106045
disenfranchis,1,0.000106045
disguis,1,0.000106045
disgust,1,0.000106045
dish,1,0.000106045
dislodg,1,0.000106045
disney,1,0.000106045
disobedi,1,0.000106045
dispos,1,0.000106045
disrespect,1,0.000106045
dissent,1,0.000106045
disson,1,0.000106045
distanc,1,0.000106045
district,3,0.000318134
disturb,1,0.000106045
ditch,1,0.000106045
divin,1,0.000106045
divis,1,0.000106045
divorc,1,0.000106045
dixieland,1,0.000106045
dj,1,0.000106045
djsosnekspqnslanskam,1,0.000106045
dk,1,0.000106045
dla,1,0.000106045
dm,1,0.000106045
doabl,1,0.000106045
doan,1,0.000106045
doctor,1,0.000106045
document,1,0.000106045
doesn,12,0.001272534
doesnt,2,0.000212089
dog,3,0.000318134
dogtooth,1,0.000106045
doin,1,0.000106045
dole,1,0.000106045
doll,1,0.000106045
dollar,3,0.000318134
dome,1,0.000106045
don,42,0.004029692
donat,3,0.000318134
done,2,0.000212089
donovan,1,0.000106045
dont,2,0.000212089
door,3,0.000318134
dorm,1,0.000106045
doubl,3,0.000318134
doubt,2,0.000212089
doug,1,0.000106045
download,1,0.000106045
downtown,1,0.000106045
downward,1,0.000106045
dozen,2,0.000212089
dr,4,0.000424178
draft,5,0.000530223
drag,1,0.000106045
drage,1,0.000106045
drama,1,0.000106045
draw,1,0.000106045
drawn,1,0.000106045
dream,2,0.000212089
dress,2,0.000212089
dri,2,0.000212089
dribbler,1,0.000106045
drill,3,0.000318134
drink,5,0.000530223
drive,1,0.000106045
driver,4,0.000424178
driveway,1,0.000106045
drool,1,0.000106045
drop,5,0.000530223
drove,1,0.000106045
drug,2,0.000212089
drum,3,0.000318134
drunk,1,0.000106045
druri,1,0.000106045
dublin,3,0.000318134
duck,2,0.000212089
dude,3,0.000318134
due,5,0.000530223
dug,2,0.000212089
duh,1,0.000106045
dumb,1,0.000106045
dumbass,1,0.000106045
dusk,1,0.000106045
dusti,1,0.000106045
dvds,1,0.000106045
dwn,1,0.000106045
dwyer,1,0.000106045
dynam,1,0.000106045
earli,7,0.000742312
earlier,3,0.000318134
earn,1,0.000106045
earnest,2,0.000212089
eas,1,0.000106045
easi,3,0.000318134
easier,2,0.000212089
east,1,0.000106045
eastern,2,0.000106045
eat,6,0.000636267
eaten,1,0.000106045
ecb,1,0.000106045
echo,2,0.000212089
eckhard,1,0.000106045
eclips,1,0.000106045
econom,2,0.000212089
economi,1,0.000106045
ecuador,1,0.000106045
ed,8,0.000424178
edg,1,0.000106045
edgi,1,0.000106045
edison,1,0.000106045
edit,3,0.000318134
editor,1,0.000106045
educ,5,0.000530223
edward,3,0.000318134
edwards,1,0.000106045
eel,1,0.000106045
ef,1,0.000106045
effect,6,0.000636267
effici,2,0.000212089
effo,2,0.000212089
egg,2,0.000212089
eh,1,0.000106045
eight,2,0.000212089
either,5,0.000530223
elam,1,0.000106045
elect,3,0.000318134
electr,1,0.000106045
electron,1,0.000106045
element,2,0.000212089
elev,1,0.000106045
elimin,1,0.000106045
ellen,1,0.000106045
els,8,0.000636267
elsewher,1,0.000106045
em,1,0.000106045
email,4,0.000424178
embassyofbrazil,1,0.000106045
emboss,2,0.000212089
embrac,1,0.000106045
emerg,1,0.000106045
emiss,1,0.000106045
emma,1,0.000106045
emot,1,0.000106045
empangeni,1,0.000106045
emphasi,2,0.000212089
employ,1,0.000106045
employe,4,0.000424178
en,1,0.000106045
enclosur,1,0.000106045
encourag,2,0.000212089
end,10,0.001060445
endow,1,0.000106045
energ,1,0.000106045
energi,6,0.000636267
enforc,2,0.000212089
engag,1,0.000106045
engin,4,0.000424178
england,1,0.000106045
enhanc,1,0.000106045
enjoy,4,0.000424178
enorm,1,0.000106045
enough,8,0.000848356
ensur,2,0.000212089
ent,3,0.000318134
enter,5,0.000530223
enthusiast,1,0.000106045
entic,1,0.000106045
entir,2,0.000212089
environ,4,0.000424178
environment,1,0.000106045
eoin,1,0.000106045
epicurean,1,0.000106045
episod,2,0.000212089
equip,2,0.000212089
equiti,3,0.000318134
er,3,0.000212089
eric,3,0.000318134
erica,1,0.000106045
erin,1,0.000106045
escal,2,0.000212089
escapad,1,0.000106045
especi,3,0.000318134
esperanza,1,0.000106045
essex,1,0.000106045
est,1,0.000106045
establish,3,0.000318134
estat,2,0.000106045
estim,1,0.000106045
etern,1,0.000106045
ethiopia,1,0.000106045
euphonium,1,0.000106045
european,2,0.000212089
evalu,1,0.000106045
eve,1,0.000106045
even,16,0.001696713
event,3,0.000318134
eventu,3,0.000318134
ever,8,0.000848356
everi,13,0.001378579
everybodi,4,0.000424178
everyon,9,0.000954401
everyth,7,0.000742312
evict,1,0.000106045
evid,2,0.000212089
ex,1,0.000106045
exact,1,0.000106045
exam,1,0.000106045
examin,1,0.000106045
exampl,1,0.000106045
excel,3,0.000318134
except,4,0.000424178
exchang,1,0.000106045
excit,4,0.000424178
exclud,1,0.000106045
exclus,1,0.000106045
excus,1,0.000106045
exempt,1,0.000106045
exercis,2,0.000212089
exist,6,0.000530223
exot,1,0.000106045
exp,1,0.000106045
expand,2,0.000212089
expans,1,0.000106045
expect,2,0.000212089
expens,4,0.000424178
experi,5,0.000530223
experiment,1,0.000106045
explod,1,0.000106045
explor,1,0.000106045
express,2,0.000212089
extend,1,0.000106045
extent,2,0.000212089
extra,2,0.000212089
extraordinari,1,0.000106045
extrem,3,0.000318134
extrema,1,0.000106045
eye,2,0.000212089
face,7,0.000742312
facebook,2,0.000212089
facil,2,0.000212089
fact,3,0.000318134
factor,3,0.000318134
fade,1,0.000106045
fail,4,0.000424178
faint,1,0.000106045
fairi,1,0.000106045
faith,2,0.000212089
fall,5,0.000530223
fallout,1,0.000106045
famili,10,0.001060445
fan,2,0.000212089
fantast,3,0.000318134
far,5,0.000530223
fare,1,0.000106045
farm,1,0.000106045
fashion,2,0.000212089
fast,4,0.000424178
faster,1,0.000106045
fat,1,0.000106045
father,4,0.000424178
fault,2,0.000212089
fav,1,0.000106045
fave,2,0.000106045
favor,1,0.000106045
favorit,4,0.000424178
fb,2,0.000212089
fdni,1,0.000106045
fear,3,0.000318134
feast,1,0.000106045
featheri,1,0.000106045
featur,3,0.000318134
februari,4,0.000424178
fed,2,0.000212089
feder,3,0.000318134
fee,1,0.000106045
feel,22,0.002226935
feet,4,0.000424178
fell,1,0.000106045
fellow,1,0.000106045
felt,4,0.000424178
fender,1,0.000106045
ferriero,1,0.000106045
festiv,1,0.000106045
fewest,1,0.000106045
ff,1,0.000106045
field,7,0.000742312
fieri,1,0.000106045
fiesta,1,0.000106045
fifth,1,0.000106045
fight,4,0.000424178
figur,1,0.000106045
file,2,0.000212089
fill,2,0.000212089
fillet,1,0.000106045
film,6,0.000636267
fin,1,0.000106045
final,7,0.000742312
financ,1,0.000106045
financi,3,0.000318134
find,13,0.001378579
fine,2,0.000212089
finest,1,0.000106045
finis,1,0.000106045
finish,2,0.000212089
fire,3,0.000318134
firefox,1,0.000106045
firehous,1,0.000106045
first,35,0.003393425
fiscal,1,0.000106045
fish,3,0.000318134
fit,5,0.000530223
five,3,0.000318134
flag,1,0.000106045
flat,2,0.000212089
flatscreen,1,0.000106045
flatten,1,0.000106045
flavor,1,0.000106045
fled,1,0.000106045
flew,1,0.000106045
flexibl,1,0.000106045
fli,5,0.000530223
flick,2,0.000106045
flickr,1,0.000106045
flip,2,0.000212089
flood,2,0.000212089
floor,6,0.000636267
flop,1,0.000106045
flore,1,0.000106045
florida,1,0.000106045
flower,1,0.000106045
floyd,2,0.000212089
fluid,1,0.000106045
flush,1,0.000106045
flute,1,0.000106045
flutter,1,0.000106045
fo,2,0.000212089
focus,1,0.000106045
fold,1,0.000106045
folder,1,0.000106045
folk,2,0.000212089
folksmen,1,0.000106045
follow,17,0.001802757
fondl,1,0.000106045
food,3,0.000318134
fool,1,0.000106045
foolish,2,0.000212089
foot,4,0.000424178
footbal,3,0.000318134
foothil,1,0.000106045
forc,4,0.000424178
ford,1,0.000106045
forego,1,0.000106045
foreign,1,0.000106045
forget,6,0.000530223
forgiv,1,0.000106045
forgotten,1,0.000106045
form,3,0.000318134
formal,2,0.000212089
former,6,0.000636267
formula,1,0.000106045
forward,2,0.000212089
foster,1,0.000106045
fou,3,0.000318134
fouc,1,0.000106045
foul,1,0.000106045
found,3,0.000318134
foundat,2,0.000212089
four,6,0.000636267
fox,1,0.000106045
fr,1,0.000106045
franc,1,0.000106045
franci,1,0.000106045
frantic,1,0.000106045
fraud,2,0.000212089
fraudul,1,0.000106045
freak,1,0.000106045
freddi,2,0.000212089
free,14,0.001272534
freedan,1,0.000106045
freedom,1,0.000106045
french,1,0.000106045
frenzi,1,0.000106045
frequent,1,0.000106045
fresca,1,0.000106045
fresh,3,0.000318134
fri,1,0.000106045
friday,7,0.000742312
friend,13,0.00116649
fright,1,0.000106045
frog,1,0.000106045
front,3,0.000318134
froze,1,0.000106045
frustrat,2,0.000212089
fuck,4,0.000424178
fuel,1,0.000106045
full,2,0.000212089
fun,14,0.001484624
fund,3,0.000318134
fundrais,1,0.000106045
funer,1,0.000106045
funki,1,0.000106045
funni,2,0.000212089
funnier,1,0.000106045
furnitur,3,0.000318134
fvk,1,0.000106045
gabor,2,0.000212089
gag,1,0.000106045
gage,2,0.000106045
gain,1,0.000106045
galliv,1,0.000106045
gallo,1,0.000106045
gallop,1,0.000106045
gambl,1,0.000106045
game,17,0.001696713
gameplay,1,0.000106045
gang,5,0.000424178
gannett,1,0.000106045
gantz,1,0.000106045
gap,1,0.000106045
garbag,1,0.000106045
garden,1,0.000106045
garnish,1,0.000106045
gash,1,0.000106045
gather,3,0.000318134
gave,6,0.000636267
gay,1,0.000106045
geli,1,0.000106045
general,4,0.000424178
generat,1,0.000106045
generous,1,0.000106045
genet,1,0.000106045
gentl,1,0.000106045
gentleman,1,0.000106045
genuin,1,0.000106045
geograph,1,0.000106045
georg,1,0.000106045
georgetown,1,0.000106045
german,2,0.000212089
get,57,0.005408271
ghost,1,0.000106045
ghostwrit,1,0.000106045
giddi,1,0.000106045
gift,7,0.000742312
ginger,1,0.000106045
girl,7,0.000742312
girlfriend,2,0.000212089
girlscout,1,0.000106045
give,14,0.001484624
given,4,0.000424178
glad,3,0.000318134
gladiat,1,0.000106045
glass,1,0.000106045
glaxosmithklin,1,0.000106045
gleam,1,0.000106045
glisten,1,0.000106045
glitter,1,0.000106045
global,1,0.000106045
globe,1,0.000106045
glow,1,0.000106045
go,54,0.004878049
goal,2,0.000212089
god,7,0.000742312
goe,3,0.000318134
goin,1,0.000106045
gold,2,0.000212089
gone,2,0.000212089
gonna,2,0.000212089
gonzalez,2,0.000212089
good,30,0.003181336
goodnight,1,0.000106045
googl,2,0.000212089
gop,1,0.000106045
gorgeous,1,0.000106045
gossip,1,0.000106045
got,27,0.00233298
gotta,1,0.000106045
gotten,1,0.000106045
govern,5,0.000530223
governor,1,0.000106045
grab,4,0.000424178
grace,2,0.000212089
grade,1,0.000106045
graduat,5,0.000530223
grammi,1,0.000106045
grani,1,0.000106045
grape,1,0.000106045
graphic,1,0.000106045
grasp,1,0.000106045
grate,2,0.000212089
great,20,0.002120891
green,3,0.000318134
greet,3,0.000318134
greink,1,0.000106045
gresh,1,0.000106045
grip,1,0.000106045
grizzgala,1,0.000106045
groff,1,0.000106045
groom,3,0.000212089
ground,1,0.000106045
group,3,0.000318134
groupi,1,0.000106045
grove,1,0.000106045
grow,2,0.000212089
grower,1,0.000106045
growth,2,0.000212089
guacamol,1,0.000106045
guard,1,0.000106045
guess,6,0.000636267
guest,3,0.000318134
guid,2,0.000212089
guildelin,1,0.000106045
guilti,3,0.000318134
gun,1,0.000106045
gutter,1,0.000106045
guy,15,0.001590668
gym,1,0.000106045
h,13,0.000530223
ha,1,0.000106045
habitat,1,0.000106045
hack,1,0.000106045
haha,8,0.000848356
hahah,1,0.000106045
hahaha,1,0.000106045
hahahahaha,1,0.000106045
hair,3,0.000318134
half,3,0.000318134
halfway,1,0.000106045
hall,2,0.000212089
halt,2,0.000212089
hamilton,1,0.000106045
hammon,2,0.000212089
hand,7,0.000742312
hang,5,0.000530223
happen,6,0.000530223
happi,6,0.000636267
happili,1,0.000106045
hard,8,0.000848356
hardwood,1,0.000106045
harford,1,0.000106045
harm,1,0.000106045
harmonium,1,0.000106045
harper,1,0.000106045
harri,3,0.000318134
harsh,1,0.000106045
hat,2,0.000212089
hate,5,0.000530223
haunt,1,0.000106045
haven,3,0.000318134
hawaii,1,0.000106045
hawk,1,0.000106045
hday,5,0.000106045
hea,10,0.001060445
head,9,0.000954401
heal,1,0.000106045
health,3,0.000318134
healthcar,1,0.000106045
hear,9,0.000954401
heard,4,0.000424178
heat,3,0.000318134
heaven,3,0.000318134
heavili,1,0.000106045
hehe,1,0.000106045
heinz,1,0.000106045
held,1,0.000106045
helen,1,0.000106045
hell,4,0.000424178
hello,3,0.000318134
helmet,1,0.000106045
help,19,0.001802757
hencefo,1,0.000106045
herald,1,0.000106045
herb,1,0.000106045
hern,1,0.000106045
hero,1,0.000106045
hewlett,1,0.000106045
hey,11,0.001060445
hi,1,0.000106045
hiatus,1,0.000106045
hibiscus,1,0.000106045
hickey,2,0.000212089
hide,1,0.000106045
high,11,0.00116649
highlight,2,0.000212089
hike,1,0.000106045
hilari,2,0.000212089
hill,2,0.000212089
hillari,1,0.000106045
hing,1,0.000106045
hire,2,0.000212089
histor,1,0.000106045
histori,2,0.000212089
hit,9,0.000954401
hless,1,0.000106045
hmm,1,0.000106045
hmmm,1,0.000106045
hold,5,0.000530223
hole,1,0.000106045
holi,4,0.000424178
holiday,2,0.000212089
holland,1,0.000106045
holli,1,0.000106045
holm,1,0.000106045
home,20,0.002014846
homer,2,0.000212089
homework,1,0.000106045
homi,1,0.000106045
honest,1,0.000106045
honeydew,1,0.000106045
honor,2,0.000212089
hoop,1,0.000106045
hop,1,0.000106045
hope,9,0.000954401
horizon,1,0.000106045
horribl,1,0.000106045
horrif,1,0.000106045
hors,1,0.000106045
horseback,1,0.000106045
hosley,1,0.000106045
hospit,7,0.000742312
host,3,0.000318134
hostel,1,0.000106045
hostess,1,0.000106045
hot,5,0.000530223
hotel,2,0.000212089
hotti,1,0.000106045
hour,4,0.000424178
hous,11,0.00116649
household,2,0.000212089
houston,1,0.000106045
howdi,1,0.000106045
howev,6,0.000636267
hrs,1,0.000106045
hu,2,0.000212089
hub,1,0.000106045
hug,1,0.000106045
huge,5,0.000530223
hugh,1,0.000106045
human,5,0.000530223
humbug,1,0.000106045
humid,1,0.000106045
hungri,1,0.000106045
hunt,1,0.000106045
huntington,2,0.000212089
hurri,1,0.000106045
husband,1,0.000106045
hustl,1,0.000106045
hwhile,1,0.000106045
hwood,2,0.000106045
hydrofoil,1,0.000106045
hypothet,1,0.000106045
hz,1,0.000106045
ical,1,0.000106045
icantstandpeopl,1,0.000106045
ice,2,0.000212089
ici,1,0.000106045
icip,1,0.000106045
icl,2,0.000106045
icular,1,0.000106045
idaho,1,0.000106045
idea,7,0.000636267
ideal,1,0.000106045
idealist,1,0.000106045
ident,1,0.000106045
identifi,1,0.000106045
idf,3,0.000318134
idiot,1,0.000106045
idol,1,0.000106045
ie,4,0.000318134
ifi,1,0.000106045
ific,1,0.000106045
ignor,2,0.000212089
iii,1,0.000106045
ik,1,0.000106045
ill,1,0.000106045
illeg,1,0.000106045
illinoi,1,0.000106045
im,4,0.000424178
ima,1,0.000106045
imag,9,0.000954401
imagin,1,0.000106045
imbalanc,1,0.000106045
imit,1,0.000106045
immedi,3,0.000318134
imo,1,0.000106045
impact,1,0.000106045
imperfect,1,0.000106045
imperi,1,0.000106045
impetus,2,0.000212089
implement,1,0.000106045
impo,7,0.000742312
impos,2,0.000212089
impress,4,0.000424178
improv,3,0.000318134
impuls,1,0.000106045
in,3,0.000212089
inappropri,1,0.000106045
inc,1,0.000106045
incarn,1,0.000106045
inch,1,0.000106045
incid,1,0.000106045
incl,1,0.000106045
includ,12,0.001272534
increas,2,0.000212089
inculc,1,0.000106045
inde,1,0.000106045
independ,3,0.000318134
indi,1,0.000106045
indic,1,0.000106045
individu,6,0.000636267
indoor,1,0.000106045
indulg,1,0.000106045
industri,1,0.000106045
infant,1,0.000106045
inferior,1,0.000106045
influenc,1,0.000106045
info,1,0.000106045
inform,7,0.000742312
infrastructur,1,0.000106045
ing,4,0.000424178
ingl,1,0.000106045
ingnow,1,0.000106045
ingredi,1,0.000106045
inhabit,1,0.000106045
inhal,1,0.000106045
inhibit,1,0.000106045
initi,1,0.000106045
injur,2,0.000212089
injuri,1,0.000106045
inn,1,0.000106045
inner,1,0.000106045
innermost,1,0.000106045
inning,4,0.000424178
inord,1,0.000106045
input,1,0.000106045
insan,2,0.000212089
insid,4,0.000424178
insight,1,0.000106045
insist,1,0.000106045
inspir,6,0.000636267
instal,2,0.000212089
instant,1,0.000106045
instead,6,0.000636267
institut,2,0.000212089
instruct,1,0.000106045
instrument,1,0.000106045
intellectu,1,0.000106045
intellig,1,0.000106045
intend,1,0.000106045
intens,1,0.000106045
intent,2,0.000212089
interdepend,1,0.000106045
interest,4,0.000424178
interior,1,0.000106045
intern,4,0.000424178
internet,1,0.000106045
internmistak,1,0.000106045
interpret,1,0.000106045
interview,4,0.000424178
intornado,1,0.000106045
intrigu,2,0.000212089
intro,1,0.000106045
introduc,3,0.000318134
invent,1,0.000106045
invest,1,0.000106045
invit,1,0.000106045
invoic,1,0.000106045
involv,5,0.000530223
io,1,0.000106045
ipa,1,0.000106045
ipad,1,0.000106045
ipen,1,0.000106045
iphon,1,0.000106045
iraq,1,0.000106045
is,1,0.000106045
ishhh,1,0.000106045
isn,5,0.000530223
isnt,1,0.000106045
isra,1,0.000106045
israel,1,0.000106045
issu,5,0.000530223
ist,5,0.000106045
italian,2,0.000212089
ithankgod,1,0.000106045
itun,1,0.000106045
iu,1,0.000106045
iv,1,0.000106045
ivan,1,0.000106045
ive,2,0.000212089
jack,1,0.000106045
jackson,1,0.000106045
jacquelin,1,0.000106045
jail,1,0.000106045
jalapeno,1,0.000106045
jam,1,0.000106045
jame,3,0.000318134
jan,1,0.000106045
jane,1,0.000106045
januari,1,0.000106045
japanes,1,0.000106045
jar,1,0.000106045
jare,1,0.000106045
jason,1,0.000106045
jay,1,0.000106045
jazz,3,0.000318134
jelli,1,0.000106045
jen,1,0.000106045
jenolo,1,0.000106045
jerki,1,0.000106045
jersey,2,0.000212089
jess,1,0.000106045
jesus,6,0.000636267
jet,1,0.000106045
jim,1,0.000106045
jo,1,0.000106045
joaquin,1,0.000106045
job,8,0.000848356
joe,3,0.000318134
joffrey,1,0.000106045
johansson,1,0.000106045
john,5,0.000424178
johnson,2,0.000212089
join,3,0.000318134
joint,2,0.000212089
joke,2,0.000212089
joll,1,0.000106045
jon,1,0.000106045
jona,1,0.000106045
jordanian,1,0.000106045
josh,1,0.000106045
joshua,1,0.000106045
journal,3,0.000318134
journey,1,0.000106045
jqh,1,0.000106045
jqueri,1,0.000106045
jr,3,0.000318134
judg,1,0.000106045
judi,1,0.000106045
juic,2,0.000212089
juli,2,0.000212089
julia,1,0.000106045
jump,2,0.000212089
june,4,0.000424178
junior,1,0.000106045
junk,1,0.000106045
juror,1,0.000106045
just,52,0.005514316
justic,2,0.000212089
justin,1,0.000106045
kbonowil,1,0.000106045
kbyte,1,0.000106045
kean,1,0.000106045
keep,15,0.001590668
keepsak,1,0.000106045
keg,1,0.000106045
kellih,1,0.000106045
kept,4,0.000424178
kevin,1,0.000106045
key,1,0.000106045
khaki,1,0.000106045
kice,2,0.000212089
kick,5,0.000530223
kid,12,0.001272534
kill,4,0.000424178
killer,1,0.000106045
killin,1,0.000106045
kind,9,0.000954401
kinda,1,0.000106045
kinet,1,0.000106045
king,5,0.000424178
kirk,1,0.000106045
kit,1,0.000106045
kitchen,4,0.000424178
kline,2,0.000106045
knee,2,0.000212089
knew,4,0.000424178
knick,2,0.000212089
knife,1,0.000106045
knight,3,0.000318134
knock,1,0.000106045
know,45,0.003817603
known,2,0.000212089
koala,1,0.000106045
komarek,1,0.000106045
kottara,1,0.000106045
kraft,1,0.000106045
krav,1,0.000106045
kuni,1,0.000106045
kush,1,0.000106045
kutcher,1,0.000106045
ky,1,0.000106045
kyan,1,0.000106045
kyle,2,0.000212089
la,3,0.000318134
labor,2,0.000212089
labour,1,0.000106045
lace,1,0.000106045
lack,3,0.000318134
laden,2,0.000106045
ladi,2,0.000212089
laid,2,0.000212089
lake,3,0.000318134
laker,1,0.000106045
lament,1,0.000106045
lanc,1,0.000106045
land,7,0.000530223
laptop,1,0.000106045
larg,3,0.000318134
larger,1,0.000106045
largest,2,0.000212089
larri,1,0.000106045
las,1,0.000106045
last,20,0.002120891
late,11,0.00116649
later,8,0.000848356
lath,1,0.000106045
latter,1,0.000106045
laugh,4,0.000424178
laughter,1,0.000106045
lauri,1,0.000106045
law,5,0.000530223
lawrenc,1,0.000106045
lawsuit,1,0.000106045
lawyer,3,0.000318134
lay,1,0.000106045
layer,1,0.000106045
layiin,1,0.000106045
lazer,1,0.000106045
lcd,1,0.000106045
lead,3,0.000318134
leadership,4,0.000424178
leagu,1,0.000106045
leaguer,1,0.000106045
learn,9,0.000954401
least,8,0.000848356
leather,1,0.000106045
leav,3,0.000318134
lee,1,0.000106045
leed,1,0.000106045
left,5,0.000530223
leg,5,0.000530223
legisl,3,0.000318134
leicestershir,1,0.000106045
len,1,0.000106045
lend,1,0.000106045
length,1,0.000106045
less,4,0.000424178
lessli,1,0.000106045
lesson,2,0.000212089
let,24,0.002545069
letter,1,0.000106045
level,2,0.000212089
lewd,1,0.000106045
lgbt,1,0.000106045
libe,1,0.000106045
liber,1,0.000106045
librari,1,0.000106045
licata,1,0.000106045
licens,1,0.000106045
lie,3,0.000318134
liebeslied,1,0.000106045
life,15,0.001378579
lifetim,2,0.000212089
lift,2,0.000212089
light,7,0.000742312
lightn,1,0.000106045
like,76,0.00699894
lil,1,0.000106045
lime,2,0.000212089
limit,3,0.000318134
linda,1,0.000106045
line,4,0.000424178
lineman,1,0.000106045
lineup,1,0.000106045
link,2,0.000212089
lion,1,0.000106045
liquid,1,0.000106045
lisbon,1,0.000106045
list,2,0.000212089
listen,6,0.000636267
lit,1,0.000106045
liter,1,0.000106045
literari,1,0.000106045
littl,14,0.001484624
live,14,0.001484624
ll,22,0.002226935
llc,1,0.000106045
lloyd,1,0.000106045
lmaooo,1,0.000106045
ln,1,0.000106045
load,2,0.000212089
loafer,1,0.000106045
loan,1,0.000106045
lobster,1,0.000106045
local,4,0.000424178
locat,2,0.000212089
log,1,0.000106045
logjam,1,0.000106045
logo,1,0.000106045
lohs,1,0.000106045
loiter,1,0.000106045
lol,7,0.000742312
lola,1,0.000106045
london,1,0.000106045
long,8,0.000848356
longer,1,0.000106045
longfellow,1,0.000106045
look,17,0.001696713
loop,1,0.000106045
loos,3,0.000318134
lord,1,0.000106045
lose,2,0.000212089
loss,5,0.000530223
lost,6,0.000636267
lot,18,0.001696713
loud,1,0.000106045
loui,2,0.000106045
loung,1,0.000106045
love,43,0.003923648
lover,1,0.000106045
lovin,2,0.000212089
low,2,0.000212089
lower,1,0.000106045
lu,1,0.000106045
luck,1,0.000106045
luckiest,1,0.000106045
luke,1,0.000106045
lul,1,0.000106045
lulz,1,0.000106045
lunch,2,0.000212089
lung,1,0.000106045
lyric,2,0.000212089
ma,2,0.000212089
machado,1,0.000106045
machin,2,0.000212089
mack,3,0.000318134
mad,3,0.000318134
made,17,0.001696713
maga,1,0.000106045
magazin,1,0.000106045
magnitud,1,0.000106045
mail,2,0.000212089
main,5,0.000530223
maintain,2,0.000212089
major,5,0.000530223
make,45,0.004347826
maker,4,0.000424178
male,1,0.000106045
mall,2,0.000212089
man,13,0.001378579
manag,9,0.000954401
mani,20,0.002120891
manifest,2,0.000212089
manual,1,0.000106045
manufactur,2,0.000212089
map,2,0.000212089
mar,1,0.000106045
march,3,0.000318134
marcia,1,0.000106045
margaret,1,0.000106045
mari,1,0.000106045
mariam,1,0.000106045
mariano,1,0.000106045
marijuana,2,0.000212089
mark,1,0.000106045
market,6,0.000636267
marlin,1,0.000106045
marriag,1,0.000106045
masaki,1,0.000106045
masquerad,1,0.000106045
mass,3,0.000318134
master,1,0.000106045
match,3,0.000318134
materi,2,0.000212089
math,3,0.000318134
matheni,2,0.000212089
matlosz,1,0.000106045
matt,1,0.000106045
matter,4,0.000424178
maui,1,0.000106045
mauimal,1,0.000106045
maxim,2,0.000212089
may,12,0.001272534
mayb,6,0.000636267
mayo,1,0.000106045
mayor,7,0.000742312
mc,1,0.000106045
mca,1,0.000106045
mccoy,1,0.000106045
mcdonald,2,0.000212089
mcdowel,2,0.000212089
mcginni,1,0.000106045
mclaughlin,1,0.000106045
mcmahan,1,0.000106045
mdf,1,0.000106045
me,1,0.000106045
meal,1,0.000106045
mean,9,0.000848356
meant,1,0.000106045
measur,2,0.000212089
mechan,2,0.000212089
media,3,0.000318134
medic,3,0.000318134
medium,2,0.000212089
medlib,1,0.000106045
meet,7,0.000636267
mel,1,0.000106045
melo,1,0.000106045
melon,1,0.000106045
melvoin,1,0.000106045
member,7,0.000742312
memento,1,0.000106045
memori,9,0.000742312
memphi,4,0.000424178
men,5,0.000530223
ment,1,0.000106045
mental,2,0.000212089
mention,4,0.000424178
mentor,1,0.000106045
menu,4,0.000424178
menus,1,0.000106045
merit,1,0.000106045
mesh,1,0.000106045
mess,1,0.000106045
metamorphos,1,0.000106045
metaphor,1,0.000106045
metrohealth,1,0.000106045
mexico,2,0.000212089
mf,1,0.000106045
mhta,1,0.000106045
miami,2,0.000212089
michael,1,0.000106045
michel,1,0.000106045
michelin,1,0.000106045
middl,4,0.000424178
middlesex,1,0.000106045
midway,1,0.000106045
might,11,0.001060445
mike,4,0.000424178
mil,1,0.000106045
mila,1,0.000106045
mile,3,0.000318134
mileston,1,0.000106045
militari,2,0.000212089
milk,1,0.000106045
miller,1,0.000106045
milli,1,0.000106045
million,5,0.000530223
mimic,1,0.000106045
mind,8,0.000848356
mine,2,0.000212089
mini,1,0.000106045
minist,3,0.000212089
minjin,1,0.000106045
minn,1,0.000106045
minneapoli,1,0.000106045
minut,5,0.000530223
miss,8,0.000742312
mission,1,0.000106045
missouri,2,0.000212089
mistak,1,0.000106045
mistaken,1,0.000106045
mix,2,0.000212089
mo,2,0.000212089
mobil,2,0.000212089
model,2,0.000212089
modest,2,0.000212089
mold,1,0.000106045
mom,7,0.000636267
moment,2,0.000212089
momentarili,1,0.000106045
momma,1,0.000106045
monday,1,0.000106045
monet,1,0.000106045
monetari,1,0.000106045
money,9,0.000848356
monmouth,1,0.000106045
monopoli,1,0.000106045
monrovia,1,0.000106045
month,6,0.000636267
monuc,1,0.000106045
morgan,1,0.000106045
morn,8,0.000848356
morph,2,0.000212089
morri,1,0.000106045
most,1,0.000106045
mother,9,0.000954401
motiv,1,0.000106045
motorbl,1,0.000106045
mount,1,0.000106045
mouth,1,0.000106045
move,11,0.00116649
mover,1,0.000106045
movi,6,0.000636267
mr,5,0.000530223
mri,1,0.000106045
ms,2,0.000212089
much,32,0.002969247
mujer,1,0.000106045
mulieribus,1,0.000106045
multi,1,0.000106045
multimedia,1,0.000106045
mural,2,0.000212089
murder,2,0.000212089
murdoch,2,0.000212089
murphi,1,0.000106045
muscl,1,0.000106045
musesoci,1,0.000106045
museum,1,0.000106045
music,9,0.000954401
musicwis,1,0.000106045
must,5,0.000530223
mustard,1,0.000106045
mystiqu,1,0.000106045
nake,1,0.000106045
namast,1,0.000106045
name,7,0.000742312
nanci,1,0.000106045
narcot,1,0.000106045
narrat,1,0.000106045
nate,1,0.000106045
nation,6,0.000636267
natur,3,0.000318134
nbc,2,0.000212089
ncaa,2,0.000212089
nd,6,0.000636267
near,4,0.000318134
necess,1,0.000106045
necessari,2,0.000212089
necessarili,1,0.000106045
need,26,0.002651113
needacinschool,1,0.000106045
nefari,1,0.000106045
neighbor,1,0.000106045
neighborhood,2,0.000212089
neither,1,0.000106045
nelson,3,0.000318134
nemesi,1,0.000106045
nemo,1,0.000106045
neonatologist,1,0.000106045
ner,4,0.000106045
nerd,1,0.000106045
nership,1,0.000106045
nervous,1,0.000106045
nestabl,1,0.000106045
net,2,0.000212089
netanyahu,1,0.000106045
network,3,0.000318134
never,15,0.001484624
new,35,0.003605514
newest,1,0.000106045
newli,1,0.000106045
news,6,0.000636267
newspap,2,0.000212089
newsroom,1,0.000106045
next,13,0.001378579
nfl,3,0.000318134
nhl,1,0.000106045
ni,1,0.000106045
nice,11,0.00116649
nicer,1,0.000106045
nick,1,0.000106045
nicu,1,0.000106045
nieuwenhui,1,0.000106045
nigga,2,0.000212089
night,20,0.001378579
nightcrawl,1,0.000106045
nine,3,0.000318134
ninja,1,0.000106045
nist,1,0.000106045
nite,2,0.000212089
no,9,0.000954401
nobodi,2,0.000212089
non,3,0.000318134
nonexist,2,0.000212089
nope,1,0.000106045
norfolk,2,0.000212089
normal,1,0.000106045
nos,1,0.000106045
nose,1,0.000106045
notbebul,1,0.000106045
note,2,0.000212089
notebook,1,0.000106045
noth,2,0.000212089
notic,3,0.000318134
notori,1,0.000106045
nova,1,0.000106045
now,26,0.002545069
nowher,1,0.000106045
nozzl,1,0.000106045
np,1,0.000106045
nuclear,2,0.000212089
number,8,0.000848356
nurs,2,0.000212089
nut,2,0.000212089
ny,1,0.000106045
nyc,2,0.000212089
nyti,1,0.000106045
o,2,0.000212089
oak,1,0.000106045
obama,3,0.000318134
object,1,0.000106045
obvious,1,0.000106045
occas,2,0.000212089
occup,2,0.000212089
occur,1,0.000106045
ocean,1,0.000106045
oceansid,1,0.000106045
oclock,1,0.000106045
odd,2,0.000212089
odiw,1,0.000106045
offens,3,0.000318134
offer,3,0.000318134
offic,12,0.00116649
offici,4,0.000424178
offset,1,0.000106045
often,7,0.000742312
oh,12,0.001272534
ohio,2,0.000212089
oil,1,0.000106045
ok,5,0.000530223
okay,5,0.000530223
okc,1,0.000106045
old,6,0.000424178
older,1,0.000106045
oliv,1,0.000106045
omelett,1,0.000106045
omfg,1,0.000106045
omg,3,0.000318134
on,1,0.000106045
one,51,0.005196182
oneself,1,0.000106045
onion,1,0.000106045
onlin,3,0.000318134
onset,1,0.000106045
onto,3,0.000318134
op,1,0.000106045
opal,1,0.000106045
open,7,0.000636267
oper,4,0.000424178
opinion,2,0.000212089
oppo,3,0.000318134
oppon,3,0.000318134
opposit,3,0.000318134
oprah,1,0.000106045
option,1,0.000106045
or,1,0.000106045
orang,1,0.000106045
orbit,1,0.000106045
order,6,0.000636267
ordin,1,0.000106045
ordinari,1,0.000106045
oregon,1,0.000106045
org,3,0.000212089
organ,4,0.000424178
organis,2,0.000212089
orient,1,0.000106045
origin,1,0.000106045
orlando,1,0.000106045
osama,2,0.000212089
osbourn,1,0.000106045
oslo,1,0.000106045
osu,1,0.000106045
other,3,0.000318134
otherwis,1,0.000106045
ouaa,1,0.000106045
outcom,1,0.000106045
outdoor,1,0.000106045
outer,2,0.000212089
outfit,1,0.000106045
outing,1,0.000106045
outnumb,1,0.000106045
outright,2,0.000212089
outsel,1,0.000106045
outsid,1,0.000106045
outspoken,1,0.000106045
outward,1,0.000106045
ove,1,0.000106045
oven,1,0.000106045
overal,1,0.000106045
overcam,1,0.000106045
overnight,1,0.000106045
overprotect,1,0.000106045
overreach,1,0.000106045
oversight,1,0.000106045
overwhelm,1,0.000106045
own,1,0.000106045
owner,1,0.000106045
ox,1,0.000106045
pa,32,0.003393425
pac,2,0.000212089
paca,1,0.000106045
pace,1,0.000106045
pacif,1,0.000106045
pack,3,0.000318134
packard,1,0.000106045
pad,2,0.000212089
pagan,1,0.000106045
page,4,0.000424178
paid,2,0.000106045
pain,1,0.000106045
paint,5,0.000530223
pair,2,0.000212089
palestinian,2,0.000212089
pamela,1,0.000106045
pancak,1,0.000106045
panduh,1,0.000106045
panel,1,0.000106045
pant,1,0.000106045
panther,1,0.000106045
paper,6,0.000636267
par,1,0.000106045
parallel,1,0.000106045
paranorm,1,0.000106045
parcel,1,0.000106045
pardon,1,0.000106045
parent,4,0.000424178
parish,1,0.000106045
park,7,0.000742312
parkway,1,0.000106045
parnham,1,0.000106045
pasadena,1,0.000106045
pascetta,1,0.000106045
pass,4,0.000424178
passag,1,0.000106045
passion,2,0.000212089
password,1,0.000106045
past,4,0.000424178
pasta,2,0.000106045
pastri,1,0.000106045
patch,1,0.000106045
path,3,0.000318134
patient,1,0.000106045
patrick,1,0.000106045
patron,1,0.000106045
pattern,2,0.000212089
patterson,1,0.000106045
patti,1,0.000106045
pavement,1,0.000106045
paw,1,0.000106045
pay,10,0.000954401
payment,2,0.000212089
payout,1,0.000106045
pc,1,0.000106045
peac,6,0.000636267
peacekeep,1,0.000106045
pear,1,0.000106045
pearl,1,0.000106045
peat,1,0.000106045
pedro,1,0.000106045
peel,1,0.000106045
pen,1,0.000106045
pendragon,1,0.000106045
peopl,28,0.002651113
peoria,2,0.000212089
percent,6,0.000636267
perfect,3,0.000318134
perform,3,0.000318134
perfum,1,0.000106045
perhap,3,0.000318134
period,3,0.000318134
perman,1,0.000106045
permit,1,0.000106045
persever,2,0.000212089
person,8,0.000848356
personnel,1,0.000106045
perspect,1,0.000106045
peru,1,0.000106045
pervas,1,0.000106045
petchak,1,0.000106045
peter,3,0.000318134
pg,2,0.000212089
phil,1,0.000106045
philip,1,0.000106045
phillip,1,0.000106045
philosophi,1,0.000106045
phoeb,1,0.000106045
phone,6,0.000530223
photo,2,0.000212089
phrase,1,0.000106045
physician,1,0.000106045
piano,2,0.000212089
pic,1,0.000106045
picci,1,0.000106045
piccolo,1,0.000106045
pich,1,0.000106045
pick,7,0.000742312
pico,1,0.000106045
pictur,2,0.000212089
piec,2,0.000212089
piggi,1,0.000106045
pilot,3,0.000318134
pine,1,0.000106045
pink,3,0.000318134
pinto,1,0.000106045
pirat,1,0.000106045
piss,1,0.000106045
pitch,3,0.000318134
pitcher,1,0.000106045
pittsburgh,1,0.000106045
pizza,1,0.000106045
place,13,0.001378579
plagiar,1,0.000106045
plain,1,0.000106045
plaintiff,1,0.000106045
plan,11,0.00116649
planet,2,0.000212089
planner,1,0.000106045
plant,1,0.000106045
plata,1,0.000106045
plate,3,0.000212089
play,20,0.002014846
player,6,0.000636267
playground,1,0.000106045
playoff,1,0.000106045
plead,2,0.000212089
pleas,5,0.000530223
pleasant,1,0.000106045
pleasur,1,0.000106045
plot,4,0.000424178
plug,1,0.000106045
plum,1,0.000106045
plus,2,0.000212089
plymouth,1,0.000106045
pm,2,0.000212089
po,6,0.000636267
point,11,0.001060445
pois,1,0.000106045
poker,1,0.000106045
polachek,1,0.000106045
polic,9,0.000954401
polici,2,0.000212089
polit,4,0.000424178
poll,1,0.000106045
ponder,1,0.000106045
pongyi,1,0.000106045
poor,1,0.000106045
pop,1,0.000106045
poppi,2,0.000212089
posit,3,0.000318134
possibl,5,0.000530223
post,5,0.000530223
postmast,1,0.000106045
postseason,1,0.000106045
potenti,1,0.000106045
pove,1,0.000106045
powel,2,0.000212089
power,7,0.000742312
ppl,1,0.000106045
pr,1,0.000106045
practic,3,0.000318134
prank,2,0.000212089
pray,4,0.000424178
prayer,2,0.000212089
pre,1,0.000106045
preacher,1,0.000106045
preced,1,0.000106045
precis,2,0.000212089
predat,1,0.000106045
predecessor,1,0.000106045
predict,1,0.000106045
prefer,4,0.000424178
pregnant,1,0.000106045
prematur,1,0.000106045
premium,1,0.000106045
prepar,5,0.000530223
pres,1,0.000106045
presenc,1,0.000106045
present,2,0.000212089
preservationist,1,0.000106045
presid,3,0.000318134
presidenti,1,0.000106045
pressur,1,0.000106045
pretens,1,0.000106045
pretti,10,0.001060445
previous,2,0.000212089
price,3,0.000318134
pricklewood,1,0.000106045
pride,1,0.000106045
prime,4,0.000424178
prior,1,0.000106045
priscilla,1,0.000106045
privat,2,0.000212089
privileg,1,0.000106045
prize,1,0.000106045
probabl,3,0.000318134
problem,9,0.000954401
problemchildontheloos,1,0.000106045
procedur,1,0.000106045
proceed,1,0.000106045
process,3,0.000318134
processor,1,0.000106045
procter,1,0.000106045
produc,4,0.000424178
product,4,0.000424178
profession,2,0.000212089
profil,1,0.000106045
profit,1,0.000106045
program,5,0.000530223
progress,4,0.000318134
project,5,0.000530223
prom,1,0.000106045
promis,2,0.000212089
promot,2,0.000212089
propaganda,2,0.000212089
prope,1,0.000106045
proper,2,0.000212089
propos,2,0.000212089
pros,1,0.000106045
prosecutor,1,0.000106045
protect,2,0.000212089
proud,3,0.000318134
provenc,1,0.000106045
provid,6,0.000636267
pse,1,0.000106045
psychedel,1,0.000106045
ptsd,1,0.000106045
pub,2,0.000212089
public,3,0.000318134
publish,1,0.000106045
puerco,1,0.000106045
pull,4,0.000424178
puls,1,0.000106045
punk,1,0.000106045
puppet,2,0.000106045
purchas,3,0.000318134
purdi,1,0.000106045
purpl,3,0.000318134
purpos,2,0.000212089
push,7,0.000742312
put,9,0.000954401
puter,1,0.000106045
putt,3,0.000318134
qaeda,2,0.000106045
qi,1,0.000106045
qualiti,5,0.000530223
quantit,1,0.000106045
question,4,0.000318134
quich,1,0.000106045
quick,5,0.000530223
quit,4,0.000424178
quot,2,0.000212089
rabe,1,0.000106045
race,3,0.000318134
rachel,1,0.000106045
rack,1,0.000106045
radio,2,0.000212089
rail,2,0.000212089
railroad,1,0.000106045
rain,2,0.000212089
raini,1,0.000106045
rais,2,0.000212089
raisin,1,0.000106045
ralston,1,0.000106045
rambl,2,0.000212089
ramo,1,0.000106045
ran,3,0.000318134
random,2,0.000212089
rang,2,0.000212089
ranger,1,0.000106045
rank,1,0.000106045
rapid,1,0.000106045
rare,1,0.000106045
rashkov,1,0.000106045
rate,4,0.000424178
rather,2,0.000212089
ratio,2,0.000212089
raven,1,0.000106045
ray,3,0.000318134
rc,1,0.000106045
re,22,0.00233298
reach,1,0.000106045
reaction,3,0.000318134
read,7,0.000742312
reader,2,0.000212089
readi,9,0.000954401
real,8,0.000848356
realiti,2,0.000212089
realiz,6,0.000530223
realli,15,0.001590668
realm,1,0.000106045
rear,2,0.000212089
rearrang,1,0.000106045
reason,3,0.000318134
reattach,1,0.000106045
rebecca,1,0.000106045
recal,1,0.000106045
receiv,2,0.000212089
recent,3,0.000318134
recess,1,0.000106045
recipi,1,0.000106045
recogn,1,0.000106045
recognit,1,0.000106045
reconnect,1,0.000106045
record,5,0.000530223
recov,1,0.000106045
recoveri,1,0.000106045
rectifi,1,0.000106045
red,1,0.000106045
redesign,1,0.000106045
reduc,1,0.000106045
reef,1,0.000106045
refer,2,0.000212089
refil,1,0.000106045
reflect,1,0.000106045
reform,1,0.000106045
refus,1,0.000106045
reg,1,0.000106045
region,1,0.000106045
regist,2,0.000212089
registr,1,0.000106045
regroup,1,0.000106045
regul,3,0.000318134
regular,1,0.000106045
rehab,1,0.000106045
reign,2,0.000212089
reilli,1,0.000106045
reimburs,1,0.000106045
relat,4,0.000424178
relationship,1,0.000106045
relaunch,1,0.000106045
relax,5,0.000424178
releas,4,0.000424178
reli,2,0.000212089
reliev,1,0.000106045
religion,2,0.000212089
reluct,1,0.000106045
remain,3,0.000318134
remark,1,0.000106045
rememb,5,0.000530223
remind,1,0.000106045
remot,1,0.000106045
remount,1,0.000106045
remov,1,0.000106045
renaiss,1,0.000106045
rene,1,0.000106045
repaint,1,0.000106045
repeat,1,0.000106045
repent,1,0.000106045
replac,2,0.000212089
repli,2,0.000212089
repo,8,0.000848356
repres,2,0.000212089
repress,1,0.000106045
republican,2,0.000212089
reput,1,0.000106045
request,1,0.000106045
requir,2,0.000212089
rescu,1,0.000106045
research,2,0.000212089
reserv,3,0.000318134
resid,3,0.000318134
resiz,1,0.000106045
resolut,1,0.000106045
resourc,1,0.000106045
respect,3,0.000318134
respons,7,0.000742312
rest,3,0.000318134
restaur,2,0.000212089
restor,2,0.000212089
restraint,1,0.000106045
restrict,1,0.000106045
result,4,0.000424178
resum,1,0.000106045
retail,2,0.000212089
reto,1,0.000106045
retreat,1,0.000106045
retrospect,1,0.000106045
return,3,0.000318134
reunit,1,0.000106045
revenu,1,0.000106045
review,1,0.000106045
revis,1,0.000106045
rework,1,0.000106045
rex,1,0.000106045
rib,1,0.000106045
rich,1,0.000106045
richard,2,0.000212089
rick,1,0.000106045
rid,1,0.000106045
riddl,1,0.000106045
ride,1,0.000106045
ridg,1,0.000106045
right,18,0.001908802
righteous,2,0.000212089
rim,1,0.000106045
ring,2,0.000212089
rise,2,0.000212089
risk,1,0.000106045
rizzo,1,0.000106045
rm,1,0.000106045
rnrchi,1,0.000106045
rnwk,1,0.000106045
road,9,0.000954401
roadtrip,1,0.000106045
roast,2,0.000212089
robe,1,0.000106045
robin,1,0.000106045
rock,1,0.000106045
rocker,1,0.000106045
rocket,2,0.000212089
rode,1,0.000106045
role,5,0.000530223
roll,3,0.000318134
romano,1,0.000106045
romant,1,0.000106045
rome,1,0.000106045
romney,2,0.000212089
ron,1,0.000106045
roof,1,0.000106045
room,8,0.000848356
roommat,2,0.000106045
rope,1,0.000106045
rosi,1,0.000106045
rotat,1,0.000106045
roth,1,0.000106045
rough,1,0.000106045
round,8,0.000636267
rout,2,0.000212089
row,1,0.000106045
royal,2,0.000212089
ruddi,1,0.000106045
rug,1,0.000106045
rui,1,0.000106045
rule,2,0.000212089
rummycub,1,0.000106045
run,15,0.001590668
runabout,1,0.000106045
runner,1,0.000106045
runoff,1,0.000106045
rush,1,0.000106045
russian,1,0.000106045
rutger,3,0.000318134
ryan,3,0.000318134
s,12,0.000636267
sad,1,0.000106045
safe,2,0.000212089
safeguard,1,0.000106045
safeti,1,0.000106045
sagr,1,0.000106045
said,62,0.006362672
salad,3,0.000318134
salari,1,0.000106045
sale,1,0.000106045
salem,2,0.000212089
salemia,2,0.000212089
salesman,1,0.000106045
salli,1,0.000106045
salsa,7,0.000530223
salt,1,0.000106045
salter,1,0.000106045
sam,2,0.000212089
sammi,1,0.000106045
samoa,1,0.000106045
san,1,0.000106045
sandwich,3,0.000318134
sanford,1,0.000106045
sank,1,0.000106045
sat,3,0.000318134
satisfi,2,0.000212089
saturday,3,0.000318134
sauc,3,0.000318134
savag,1,0.000106045
save,6,0.000636267
saw,5,0.000530223
sawyer,1,0.000106045
sawzal,1,0.000106045
say,27,0.002757158
scale,2,0.000212089
scar,1,0.000106045
scare,1,0.000106045
scari,1,0.000106045
scarlett,1,0.000106045
scene,2,0.000212089
scenic,1,0.000106045
sched,1,0.000106045
schedul,2,0.000212089
schiano,1,0.000106045
schiff,1,0.000106045
scholar,1,0.000106045
scholarship,1,0.000106045
school,15,0.001378579
schumann,1,0.000106045
scienc,1,0.000106045
scientif,1,0.000106045
scof,1,0.000106045
scone,1,0.000106045
score,4,0.000424178
scoreboard,1,0.000106045
scorer,2,0.000212089
scottsdal,1,0.000106045
scrapbook,1,0.000106045
screen,2,0.000212089
screw,3,0.000318134
sea,2,0.000212089
seafood,1,0.000106045
search,1,0.000106045
season,10,0.001060445
seat,3,0.000318134
seattl,1,0.000106045
second,8,0.000848356
secondhand,1,0.000106045
secret,2,0.000212089
secretari,2,0.000106045
section,1,0.000106045
seddon,1,0.000106045
sedentari,1,0.000106045
see,20,0.001908802
seek,2,0.000212089
seem,13,0.001272534
seen,6,0.000636267
seiz,2,0.000212089
select,6,0.000636267
selectmenuitem,1,0.000106045
self,2,0.000212089
sell,2,0.000212089
seller,1,0.000106045
semi,1,0.000106045
senat,1,0.000106045
send,5,0.000530223
senior,4,0.000424178
sens,1,0.000106045
sent,3,0.000318134
sentenc,2,0.000212089
separ,3,0.000318134
sept,2,0.000212089
septemb,1,0.000106045
sequenc,1,0.000106045
seri,5,0.000530223
serious,5,0.000530223
serv,3,0.000318134
servic,6,0.000636267
set,6,0.000636267
settl,1,0.000106045
seven,2,0.000212089
seventeen,1,0.000106045
sever,3,0.000318134
sex,1,0.000106045
sexiest,1,0.000106045
sexual,1,0.000106045
shake,1,0.000106045
shane,1,0.000106045
shape,4,0.000424178
share,4,0.000424178
sharepoint,1,0.000106045
sharon,2,0.000212089
sharp,2,0.000212089
shawti,1,0.000106045
shed,1,0.000106045
sheet,1,0.000106045
shelbi,1,0.000106045
shi,2,0.000212089
shine,1,0.000106045
ship,1,0.000106045
shit,4,0.000424178
sho,4,0.000424178
shoddi,1,0.000106045
shoe,1,0.000106045
shop,2,0.000212089
shopbowl,1,0.000106045
shopper,1,0.000106045
shot,1,0.000106045
shoulder,1,0.000106045
shouldn,2,0.000212089
shout,1,0.000106045
show,15,0.001484624
showcas,1,0.000106045
shower,1,0.000106045
shown,1,0.000106045
shrimp,1,0.000106045
shrink,1,0.000106045
shurqat,1,0.000106045
shut,2,0.000212089
shuttl,1,0.000106045
shweeeet,1,0.000106045
sibl,1,0.000106045
sick,2,0.000212089
sickest,1,0.000106045
side,6,0.000636267
sidelin,1,0.000106045
sight,1,0.000106045
sign,6,0.000636267
signatur,1,0.000106045
signific,1,0.000106045
silenc,2,0.000212089
silent,1,0.000106045
silli,1,0.000106045
silv,1,0.000106045
simba,1,0.000106045
simpl,5,0.000530223
simpli,2,0.000212089
sinc,10,0.001060445
sing,4,0.000424178
singapor,1,0.000106045
singer,1,0.000106045
singl,7,0.000636267
sister,5,0.000424178
sit,3,0.000318134
site,4,0.000424178
situat,5,0.000424178
six,10,0.001060445
size,1,0.000106045
ski,1,0.000106045
skill,1,0.000106045
skip,1,0.000106045
skrillex,1,0.000106045
skulli,1,0.000106045
sky,2,0.000212089
skyland,1,0.000106045
slack,1,0.000106045
slam,1,0.000106045
sleazi,1,0.000106045
sleep,7,0.000530223
slice,1,0.000106045
slight,1,0.000106045
slip,1,0.000106045
slog,1,0.000106045
sloppi,1,0.000106045
slow,1,0.000106045
slowli,1,0.000106045
sm,1,0.000106045
sma,1,0.000106045
small,8,0.000848356
smaller,2,0.000212089
smash,4,0.000424178
smell,1,0.000106045
smh,1,0.000106045
smile,3,0.000318134
smith,3,0.000318134
smither,1,0.000106045
smoke,4,0.000424178
smoker,2,0.000212089
smut,1,0.000106045
snack,1,0.000106045
snap,3,0.000318134
sneez,1,0.000106045
sniffl,1,0.000106045
snore,1,0.000106045
snow,3,0.000318134
snyder,1,0.000106045
so,1,0.000106045
soar,2,0.000212089
social,2,0.000212089
socialis,1,0.000106045
societi,1,0.000106045
sofa,2,0.000212089
soft,2,0.000212089
softwar,2,0.000212089
sold,3,0.000318134
sole,3,0.000318134
solicit,1,0.000106045
soloist,1,0.000106045
solut,1,0.000106045
somebodi,1,0.000106045
someday,1,0.000106045
someon,5,0.000530223
someplac,1,0.000106045
someth,9,0.000954401
somethin,1,0.000106045
sometim,7,0.000742312
somewhat,1,0.000106045
somewher,2,0.000212089
son,5,0.000530223
song,8,0.000848356
soo,1,0.000106045
soon,5,0.000530223
sophist,1,0.000106045
sorri,5,0.000530223
soul,2,0.000212089
sound,10,0.001060445
sounda,1,0.000106045
soundsystem,1,0.000106045
soundtrack,1,0.000106045
soundwis,1,0.000106045
soup,1,0.000106045
sour,1,0.000106045
sousa,1,0.000106045
south,4,0.000318134
southern,3,0.000318134
sox,1,0.000106045
space,4,0.000424178
spaghetti,1,0.000106045
spald,1,0.000106045
spammer,2,0.000212089
spanisch,1,0.000106045
spanish,3,0.000318134
spark,1,0.000106045
sparkl,1,0.000106045
speak,3,0.000318134
speaker,1,0.000106045
spear,1,0.000106045
spec,1,0.000106045
special,8,0.000848356
specialist,1,0.000106045
specif,1,0.000106045
speechless,1,0.000106045
speed,1,0.000106045
speedi,1,0.000106045
spell,1,0.000106045
spelt,1,0.000106045
spend,8,0.000742312
spent,2,0.000212089
sphere,1,0.000106045
spi,1,0.000106045
spice,2,0.000212089
spicin,1,0.000106045
spirit,1,0.000106045
spivak,1,0.000106045
split,1,0.000106045
spo,3,0.000318134
spoke,1,0.000106045
spoken,1,0.000106045
spokesman,2,0.000212089
sponsor,2,0.000212089
spot,2,0.000212089
spotifi,1,0.000106045
spread,1,0.000106045
spree,1,0.000106045
spri,1,0.000106045
spring,1,0.000106045
springfield,2,0.000212089
springtim,2,0.000212089
sprint,1,0.000106045
sq,1,0.000106045
squad,2,0.000212089
squar,1,0.000106045
srs,1,0.000106045
st,6,0.000530223
sta,9,0.000954401
stabl,1,0.000106045
stadium,2,0.000212089
staff,2,0.000212089
stage,2,0.000106045
stamp,2,0.000212089
stanc,1,0.000106045
stand,5,0.000530223
standard,2,0.000212089
stapl,1,0.000106045
stapleton,1,0.000106045
star,7,0.000742312
stare,1,0.000106045
stargaz,1,0.000106045
state,8,0.000742312
statement,2,0.000212089
station,3,0.000318134
statist,3,0.000318134
status,2,0.000212089
stay,9,0.000848356
stedfast,1,0.000106045
steel,1,0.000106045
stellar,1,0.000106045
step,3,0.000318134
stepbroth,1,0.000106045
stephani,1,0.000106045
stephen,2,0.000212089
stepmoth,1,0.000106045
stereo,1,0.000106045
steve,2,0.000212089
still,13,0.001378579
sting,1,0.000106045
stite,1,0.000106045
stock,2,0.000212089
stoke,1,0.000106045
stomach,1,0.000106045
stone,1,0.000106045
stonepoint,1,0.000106045
stonepointcc,2,0.000212089
stool,1,0.000106045
stop,8,0.000848356
store,2,0.000212089
storm,1,0.000106045
stotik,2,0.000212089
stove,1,0.000106045
stover,1,0.000106045
straight,1,0.000106045
strang,1,0.000106045
stranger,1,0.000106045
stray,1,0.000106045
streak,2,0.000212089
street,5,0.000530223
streeter,1,0.000106045
streisand,1,0.000106045
strength,1,0.000106045
stretch,2,0.000212089
strewn,1,0.000106045
stricken,1,0.000106045
strict,1,0.000106045
strike,2,0.000212089
strikeout,1,0.000106045
strip,1,0.000106045
stroke,1,0.000106045
strong,5,0.000530223
stronger,2,0.000212089
strongest,1,0.000106045
stronghold,1,0.000106045
struck,1,0.000106045
struggl,3,0.000318134
stuckey,1,0.000106045
student,3,0.000318134
studi,2,0.000212089
studio,3,0.000318134
stuff,7,0.000742312
stumbl,1,0.000106045
stump,1,0.000106045
stupid,2,0.000212089
style,2,0.000212089
subject,1,0.000106045
submit,1,0.000106045
substanc,1,0.000106045
subway,2,0.000212089
success,3,0.000318134
suck,1,0.000106045
sucker,1,0.000106045
sudden,1,0.000106045
sue,1,0.000106045
sueann,1,0.000106045
suffoc,1,0.000106045
suggest,6,0.000636267
suit,2,0.000212089
suitcas,1,0.000106045
sullivan,1,0.000106045
sum,1,0.000106045
summer,2,0.000212089
sun,5,0.000530223
sunday,6,0.000636267
sundrop,1,0.000106045
sunk,1,0.000106045
sunset,2,0.000212089
super,4,0.000424178
superior,1,0.000106045
supernatur,1,0.000106045
supplement,1,0.000106045
suppli,2,0.000212089
suppo,7,0.000742312
suppos,1,0.000106045
supremo,1,0.000106045
surcharg,1,0.000106045
sure,8,0.000848356
surfac,1,0.000106045
surgeri,1,0.000106045
surpass,1,0.000106045
surpris,3,0.000318134
surrend,3,0.000318134
surround,1,0.000106045
survey,1,0.000106045
surviv,2,0.000212089
suspect,7,0.000742312
sustain,2,0.000212089
sway,1,0.000106045
swear,1,0.000106045
sweatshi,1,0.000106045
sweep,1,0.000106045
sweet,4,0.000424178
swell,1,0.000106045
swerv,1,0.000106045
swim,1,0.000106045
swindon,2,0.000106045
swinger,1,0.000106045
switch,3,0.000318134
switenki,1,0.000106045
sympathi,2,0.000212089
symphoni,1,0.000106045
synonym,1,0.000106045
system,5,0.000530223
sáenz,1,0.000106045
tabl,5,0.000530223
tabucchi,1,0.000106045
tack,1,0.000106045
tackl,1,0.000106045
tag,1,0.000106045
tailor,1,0.000106045
take,24,0.002439024
taken,2,0.000212089
takeoff,1,0.000106045
tale,2,0.000212089
talent,1,0.000106045
talk,9,0.000954401
tallest,1,0.000106045
tammi,1,0.000106045
tampa,1,0.000106045
tangent,1,0.000106045
tangibl,1,0.000106045
tap,2,0.000212089
target,2,0.000212089
task,1,0.000106045
tattoo,1,0.000106045
taught,1,0.000106045
tausha,1,0.000106045
tax,3,0.000318134
taxpay,1,0.000106045
taylor,2,0.000212089
te,1,0.000106045
tea,7,0.000742312
teach,2,0.000212089
teacher,3,0.000318134
team,8,0.000848356
teamsoaringhigh,1,0.000106045
tebow,2,0.000212089
technic,2,0.000212089
technolog,1,0.000106045
teen,2,0.000212089
teeth,2,0.000212089
telephon,1,0.000106045
televis,2,0.000212089
tell,8,0.000848356
teller,1,0.000106045
temp,1,0.000106045
temper,1,0.000106045
temperatur,1,0.000106045
temporari,1,0.000106045
temporarili,1,0.000106045
ten,2,0.000212089
tendenc,1,0.000106045
tendon,1,0.000106045
term,6,0.000636267
terri,1,0.000106045
terribl,1,0.000106045
test,2,0.000212089
tetrahydrocannabinol,1,0.000106045
texa,1,0.000106045
textbook,1,0.000106045
th,15,0.001484624
thach,1,0.000106045
thang,1,0.000106045
thank,17,0.001802757
thanksgiv,1,0.000106045
thc,1,0.000106045
theater,2,0.000106045
thecareerbuild,1,0.000106045
theft,1,0.000106045
theme,1,0.000106045
ther,1,0.000106045
thereaft,1,0.000106045
therefor,2,0.000212089
thermomet,1,0.000106045
therndon,1,0.000106045
theyr,1,0.000106045
thi,2,0.000212089
thii,1,0.000106045
thin,2,0.000212089
thing,28,0.002757158
think,28,0.002757158
thinkin,1,0.000106045
third,4,0.000424178
thirst,1,0.000106045
tho,1,0.000106045
thoma,2,0.000212089
thomasvill,1,0.000106045
thonn,1,0.000106045
though,12,0.001272534
thought,13,0.001378579
thousand,1,0.000106045
thrall,1,0.000106045
thread,2,0.000212089
threat,2,0.000212089
threaten,1,0.000106045
three,8,0.000848356
thrive,1,0.000106045
throat,1,0.000106045
throughout,1,0.000106045
throw,2,0.000212089
thru,1,0.000106045
thud,1,0.000106045
thunder,1,0.000106045
thus,1,0.000106045
thx,2,0.000212089
ticket,4,0.000424178
tie,1,0.000106045
tiger,1,0.000106045
til,1,0.000106045
tile,1,0.000106045
till,2,0.000212089
tilt,1,0.000106045
tim,1,0.000106045
timber,1,0.000106045
time,60,0.005196182
timer,1,0.000106045
tin,1,0.000106045
tini,1,0.000106045
tire,1,0.000106045
tis,1,0.000106045
tissu,1,0.000106045
titl,4,0.000424178
tkk,1,0.000106045
today,18,0.001908802
toe,4,0.000424178
togeth,7,0.000742312
told,7,0.000742312
tomato,2,0.000212089
tommorow,1,0.000106045
tomorrow,6,0.000636267
toni,1,0.000106045
tonight,14,0.001484624
took,1,0.000106045
tool,1,0.000106045
tooth,1,0.000106045
top,8,0.000848356
topic,2,0.000212089
topp,1,0.000106045
torm,1,0.000106045
torn,1,0.000106045
toronto,1,0.000106045
total,4,0.000424178
touch,4,0.000424178
touchdown,1,0.000106045
tough,1,0.000106045
tour,1,0.000106045
tourist,1,0.000106045
tournament,3,0.000212089
toward,7,0.000742312
town,3,0.000318134
township,1,0.000106045
toxic,1,0.000106045
toxin,1,0.000106045
toy,1,0.000106045
track,7,0.000742312
trade,2,0.000212089
tradit,9,0.000848356
traffic,3,0.000318134
trail,1,0.000106045
trailer,1,0.000106045
train,6,0.000636267
trampl,1,0.000106045
transfer,3,0.000318134
transform,1,0.000106045
transpar,1,0.000106045
transpo,1,0.000106045
trauma,1,0.000106045
travel,2,0.000212089
traxx,1,0.000106045
treat,4,0.000424178
treatment,1,0.000106045
tremend,1,0.000106045
trend,1,0.000106045
trenton,2,0.000212089
trespass,1,0.000106045
tri,20,0.002014846
triad,1,0.000106045
trial,1,0.000106045
tribun,2,0.000212089
tribut,1,0.000106045
trickl,1,0.000106045
trim,2,0.000212089
trio,1,0.000106045
trip,4,0.000424178
trombon,1,0.000106045
troubl,1,0.000106045
troublesom,2,0.000212089
truax,2,0.000212089
truck,2,0.000212089
TRUE,6,0.000636267
trump,3,0.000318134
trumpet,1,0.000106045
trusnik,1,0.000106045
trust,2,0.000212089
truth,2,0.000212089
tryin,3,0.000318134
ts,1,0.000106045
tshi,1,0.000106045
tsvangirai,1,0.000106045
tt,1,0.000106045
tuba,1,0.000106045
tube,2,0.000212089
tuesday,2,0.000212089
tumblr,1,0.000106045
tumultu,1,0.000106045
tune,5,0.000530223
turf,1,0.000106045
turn,12,0.001272534
tutori,1,0.000106045
tuxedo,1,0.000106045
tv,7,0.000636267
tweet,6,0.000636267
tweetcast,1,0.000106045
tweetin,1,0.000106045
twice,2,0.000212089
twin,1,0.000106045
twist,1,0.000106045
twitter,6,0.000636267
twittervers,1,0.000106045
two,19,0.001908802
txt,1,0.000106045
typcl,1,0.000106045
type,3,0.000318134
typic,2,0.000212089
ubiquit,1,0.000106045
ugal,2,0.000106045
ugh,2,0.000212089
ughh,1,0.000106045
uh,1,0.000106045
uk,1,0.000106045
ukip,1,0.000106045
ultim,1,0.000106045
umpir,1,0.000106045
unat,3,0.000212089
unbeliev,1,0.000106045
undaunt,1,0.000106045
undeni,1,0.000106045
undergo,1,0.000106045
underneath,1,0.000106045
understand,1,0.000106045
underwear,1,0.000106045
unemploy,2,0.000212089
unfair,1,0.000106045
unfavor,1,0.000106045
unfo,2,0.000212089
unidentifi,1,0.000106045
uniform,1,0.000106045
union,2,0.000212089
unistar,1,0.000106045
unit,3,0.000318134
uniti,3,0.000106045
univers,3,0.000318134
unkind,1,0.000106045
unknow,1,0.000106045
unlaw,1,0.000106045
unlik,1,0.000106045
unlimit,1,0.000106045
unprepar,1,0.000106045
unrestrict,2,0.000212089
updat,1,0.000106045
upper,1,0.000106045
upset,1,0.000106045
upsta,1,0.000106045
ure,2,0.000106045
urg,1,0.000106045
urn,1,0.000106045
us,22,0.002226935
usama,1,0.000106045
usda,1,0.000106045
use,25,0.002651113
useless,1,0.000106045
user,1,0.000106045
usga,1,0.000106045
usoci,1,0.000106045
usual,6,0.000636267
utilis,1,0.000106045
uw,1,0.000106045
vacuum,3,0.000318134
valentin,2,0.000212089
valu,1,0.000106045
valuabl,1,0.000106045
vapour,1,0.000106045
vari,1,0.000106045
various,2,0.000212089
varsiti,1,0.000106045
vast,2,0.000212089
ve,21,0.002120891
vega,1,0.000106045
vegetarian,1,0.000106045
vehicl,3,0.000318134
venu,1,0.000106045
verd,1,0.000106045
versatil,1,0.000106045
veteran,2,0.000212089
via,1,0.000106045
vibe,1,0.000106045
vicker,1,0.000106045
vicki,1,0.000106045
victim,4,0.000424178
victor,1,0.000106045
victori,2,0.000212089
video,4,0.000424178
viejasarena,1,0.000106045
vietnam,1,0.000106045
view,4,0.000318134
viewer,1,0.000106045
vike,1,0.000106045
violat,1,0.000106045
violenc,2,0.000212089
vision,1,0.000106045
visionari,1,0.000106045
visist,1,0.000106045
vista,1,0.000106045
visual,2,0.000212089
vivaldi,1,0.000106045
vocat,1,0.000106045
voic,3,0.000318134
vol,1,0.000106045
volleybal,1,0.000106045
volunt,1,0.000106045
vote,5,0.000530223
vs,2,0.000212089
vukcevich,1,0.000106045
wagner,1,0.000106045
waist,1,0.000106045
wait,8,0.000636267
wake,1,0.000106045
walden,1,0.000106045
walk,11,0.001060445
walker,1,0.000106045
walkerfailur,1,0.000106045
walkin,1,0.000106045
wall,9,0.000848356
walma,1,0.000106045
walsif,1,0.000106045
wanderin,1,0.000106045
wandri,1,0.000106045
wanna,1,0.000106045
want,25,0.002439024
war,1,0.000106045
ward,1,0.000106045
warehous,2,0.000212089
warm,1,0.000106045
warn,1,0.000106045
warrant,2,0.000212089
wash,4,0.000424178
washington,1,0.000106045
wasn,7,0.000742312
wast,6,0.000636267
watch,10,0.001060445
water,9,0.000954401
wateri,1,0.000106045
wave,1,0.000106045
way,22,0.001908802
wcha,1,0.000106045
wear,4,0.000424178
weasel,1,0.000106045
weather,2,0.000212089
webcam,1,0.000106045
websit,4,0.000424178
wed,7,0.000742312
wedg,2,0.000212089
wednesday,2,0.000212089
weed,1,0.000106045
weego,1,0.000106045
week,30,0.002545069
weekend,5,0.000530223
weird,2,0.000212089
welch,1,0.000106045
well,21,0.002226935
welsh,2,0.000212089
wendel,1,0.000106045
went,3,0.000318134
weren,1,0.000106045
west,3,0.000318134
western,2,0.000212089
wet,2,0.000212089
wetherspoon,1,0.000106045
wetland,1,0.000106045
wewant,1,0.000106045
whataburg,1,0.000106045
whatev,2,0.000212089
wheat,1,0.000106045
wherebi,1,0.000106045
whether,3,0.000318134
whew,1,0.000106045
whip,3,0.000318134
white,7,0.000742312
whiteley,1,0.000106045
whoa,2,0.000212089
whole,4,0.000424178
wholli,1,0.000106045
whomev,1,0.000106045
whose,1,0.000106045
wi,1,0.000106045
widespread,1,0.000106045
wife,1,0.000106045
wig,1,0.000106045
wild,1,0.000106045
will,45,0.004772004
william,2,0.000212089
willoughbi,1,0.000106045
wilson,1,0.000106045
win,13,0.001272534
wind,2,0.000212089
window,2,0.000212089
winemak,1,0.000106045
winfrey,1,0.000106045
wing,1,0.000106045
winki,1,0.000106045
winter,4,0.000424178
wipe,1,0.000106045
wireless,1,0.000106045
wisconsin,1,0.000106045
wisdom,3,0.000318134
wise,3,0.000318134
wish,5,0.000530223
wit,2,0.000212089
within,4,0.000318134
without,8,0.000848356
wknd,1,0.000106045
wo,4,0.000424178
wolf,4,0.000424178
womack,1,0.000106045
woman,3,0.000318134
women,4,0.000424178
won,7,0.000742312
wonder,6,0.000636267
wont,1,0.000106045
wood,1,0.000106045
woodbyrn,1,0.000106045
woodpeck,1,0.000106045
word,5,0.000530223
wordpress,1,0.000106045
wore,1,0.000106045
work,31,0.003181336
worker,3,0.000318134
workshop,1,0.000106045
world,16,0.001696713
worri,3,0.000318134
wors,5,0.000424178
worst,1,0.000106045
wouldn,3,0.000318134
wow,7,0.000742312
wreck,2,0.000212089
wright,1,0.000106045
wrigley,1,0.000106045
wristband,1,0.000106045
write,10,0.001060445
writer,2,0.000212089
written,1,0.000106045
wrong,5,0.000530223
wrote,1,0.000106045
wsu,1,0.000106045
wtf,2,0.000212089
wuvvvv,1,0.000106045
www,4,0.000424178
xbox,1,0.000106045
xd,1,0.000106045
xmas,1,0.000106045
xs,1,0.000106045
xx,1,0.000106045
y,11,0.000318134
ya,2,0.000212089
yank,1,0.000106045
ye,1,0.000106045
yeah,5,0.000530223
year,28,0.002863203
yellow,2,0.000212089
yep,1,0.000106045
yes,7,0.000742312
yessir,1,0.000106045
yesterday,6,0.000636267
yet,5,0.000530223
yield,1,0.000106045
yike,2,0.000212089
yo,1,0.000106045
yogu,1,0.000106045
yokokawa,1,0.000106045
york,8,0.000106045
yorker,1,0.000106045
young,4,0.000424178
younger,1,0.000106045
yourkoz,1,0.000106045
youth,1,0.000106045
youu,1,0.000106045
yup,2,0.000212089
zach,1,0.000106045
zeitgeist,1,0.000106045
zero,1,0.000106045
zimbabwean,1,0.000106045
zither,1,0.000106045
zone,3,0.000318134
zoom,1,0.000106045
ø,1,0.000106045
